date,title,url,description,region
20260802,色彩鲜艳的船只，历久弥新的传统,https://cn.bing.com/th?id=OHR.HelsinkiBlue_ZH-CN3961551568_UHD.jpg,马尔萨什洛克港口五彩斑斓的渔船，马耳他 (© Klubovy/Getty Images),zh-CN
20260801,基拉韦厄火山的威力,https://cn.bing.com/th?id=OHR.HawaiiLava_ZH-CN3257621771_UHD.jpg,大批熔岩流涌入大洋，大岛，夏威夷州，美国 (© Ken McCurdy/Getty Images),zh-CN
20260731,穿越时光的足迹,https://cn.bing.com/th?id=OHR.VirginiaTrail_ZH-CN2299501599_UHD.jpg,鸟瞰弗吉尼亚爬山虎步道，达马斯克斯，弗吉尼亚州，美国 (© Eifel Kreutz/Getty Images),zh-CN
20260730,旷野无声，活态传承之境,https://cn.bing.com/th?id=OHR.NavajoNation_ZH-CN9274387505_UHD.jpg,在纳瓦霍族保留地的纪念碑谷，亚利桑那州，美国 (© Westend61/Adobe Stock),zh-CN
20260729,虎啸归来，锐爪重临,https://cn.bing.com/th?id=OHR.TigerFamily_ZH-CN9064744163_UHD.jpg,孟加拉虎一家在兰坦博尔国家公园，拉贾斯坦邦，印度 (© Archna Singh/Shutterstock),zh-CN
20260728,生机律动，恒久之衡,https://cn.bing.com/th?id=OHR.ChannelKelp_ZH-CN8732903732_UHD.jpg,一片海藻林在安纳卡帕岛附近，海峡群岛国家公园，加利福尼亚州，美国 (© Ian Shive/Tandem Stills + Motion),zh-CN
20260727,仰望芝城，流光溢彩,https://cn.bing.com/th?id=OHR.ChicagoTiffany_ZH-CN9860688834_UHD.jpg,蒂芙尼穹顶，芝加哥文化中心，伊利诺伊州，美国 (© Felix Lipov/Shutterstock),zh-CN
20260726,海陆际会，生机肇始,https://cn.bing.com/th?id=OHR.RedMangroveSunrise_ZH-CN7940335392_UHD.jpg,红树上的日出在小猪群岛，洪都拉斯 (© Mac Stone/Tandem Stills + Motion),zh-CN
20260725,加境幽廊,https://cn.bing.com/th?id=OHR.GaliciaBeach_ZH-CN1246611659_UHD.jpg,大教堂海滩，加利西亚，西班牙 (© Tui De Roy/Amazing Aerial Agency/Abobe Stock),zh-CN
20260724,缤纷多彩的一家人,https://cn.bing.com/th?id=OHR.GalapagosFlamingos_ZH-CN1152519387_UHD.jpg,美洲红鹳群在伊莎贝拉岛，加拉帕戈斯群岛，厄瓜多尔 (© Tui De Roy/Nature Picture Library),zh-CN
20260723,瓣叠交响,https://cn.bing.com/th?id=OHR.PinkDahlia_ZH-CN2259107800_UHD.jpg,粉红色大丽花 (© Harald Biebel/Getty Images),zh-CN
20260722,细微之举，影响深远,https://cn.bing.com/th?id=OHR.CoralAwareness_ZH-CN1621627126_UHD.jpg,珊瑚礁与海滩在拉贾安帕特，印度尼西亚 (© SergeUWPhoto/Shutterstock),zh-CN
20260721,拱影寻踪,https://cn.bing.com/th?id=OHR.SantaCatalina_ZH-CN6223370790_UHD.jpg,圣卡塔琳娜拱门，安提瓜，危地马拉 (© Filippo Maria Bianchi/Getty Images),zh-CN
20260720,月瞰寰宇,https://cn.bing.com/th?id=OHR.Artemis_ZH-CN3540365575_UHD.jpg,月球与地球由阿耳忒弥斯2号机组人员拍摄 (© NASA),zh-CN
20260719,敛羽栖时,https://cn.bing.com/th?id=OHR.HirundoRustica_ZH-CN2798518247_UHD.jpg,不同亚种的家燕聚在一起休息 (© Oscar Dominguez/Tandem Stills + Motion),zh-CN
20260718,环影圆成,https://cn.bing.com/th?id=OHR.DevilsBridge_ZH-CN2164982440_UHD.jpg,恶魔桥在克罗姆劳杜鹃花公园，萨克森州，德国 (© Mike Mareen/Getty Images),zh-CN
20260717,希腊式的逃离,https://cn.bing.com/th?id=OHR.VaiUmbrellas_ZH-CN1271422272_UHD.jpg,瓦伊海滩上的日光浴躺椅，克里特岛，希腊 (© borchee/Getty Images),zh-CN
20260716,滨水变色龙,https://cn.bing.com/th?id=OHR.NavyPier_ZH-CN4649271588_UHD.jpg,海军码头，芝加哥，伊利诺伊州，美国 (© Christopher.F Photography/Getty Images),zh-CN
20260715,攀登后的奖励,https://cn.bing.com/th?id=OHR.MarieLake_ZH-CN4927917413_UHD.jpg,玛丽湖，约翰·缪尔荒野（毕晓普附近），加利福尼亚州，美国 (© Steve Dunleavy/Getty Images),zh-CN
20260714,奇妙的真相,https://cn.bing.com/th?id=OHR.LemonShark_ZH-CN4650331008_UHD.jpg,柠檬鲨幼崽在红树林中，伊柳塞拉岛，巴哈马 (© Shane Gross/Nature Picture Library),zh-CN
20260713,为摇滚而生,https://cn.bing.com/th?id=OHR.NavajoSandstone_ZH-CN5009673011_UHD.jpg,羚羊峡谷，纳瓦霍族保留地，亚利桑那州，美国 (© Mark Skalny/Getty Images),zh-CN
20260712,缅因州的狂野一面,https://cn.bing.com/th?id=OHR.KatahdinWWNM_ZH-CN5496444375_UHD.jpg,卡塔丁森林和水域国家纪念地，缅因州，美国 (© Cavan Images/Offset/Shutterstock),zh-CN
20260711,布列塔尼的潮汐之约,https://cn.bing.com/th?id=OHR.AurayBrittany_ZH-CN5549157888_UHD.jpg,"圣古斯坦港, 欧赖, 布列塔尼, 法国 (© Rolf E. Staerk/Shutterstock)",zh-CN
20260710,陆地与海洋的鸟瞰图,https://cn.bing.com/th?id=OHR.VictoriaBeach_ZH-CN8892195426_UHD.jpg,陆地与海洋的鸟瞰图，维多利亚州，澳大利亚 (© Nearmap/Getty Images),zh-CN
20260709,步步传承,https://cn.bing.com/th?id=OHR.SapaVietnam_ZH-CN2178893672_UHD.jpg,在沙巴的水稻田，老街，越南 (© Anujak Jaimook/Getty Images),zh-CN
20260708,远古火山的回响,https://cn.bing.com/th?id=OHR.LakeAtitlan_ZH-CN1920221893_UHD.jpg,阿蒂特兰湖的日出，危地马拉 (© shayes17/Getty Images),zh-CN
20260707,林冠华彩,https://cn.bing.com/th?id=OHR.MountainToucanOrchids_ZH-CN1400221431_UHD.jpg,板嘴山巨嘴鸟与兰花，厄瓜多尔 (© Murray Cooper/Minden Pictures),zh-CN
20260706,百代镌刻之城,https://cn.bing.com/th?id=OHR.SyracuseItaly_ZH-CN1001695972_UHD.jpg,锡拉库萨的日落，西西里岛，意大利 (© Balate Dorin/Getty Images),zh-CN
20260705,紫色花海,https://cn.bing.com/th?id=OHR.LavenderRows_ZH-CN0676810895_UHD.jpg,瓦朗索勒高原的薰衣草行，普罗旺斯，法国 (© Robert Harding/Shutterstock),zh-CN
20260704,此行，不虚绕道,https://cn.bing.com/th?id=OHR.KaysersbergVillage_ZH-CN0445080679_UHD.jpg,凯泽斯堡，阿尔萨斯，法国 (© Federica Gentile/Getty Images),zh-CN
20260703,流光之诗,https://cn.bing.com/th?id=OHR.FirefliesJapan_ZH-CN0071253415_UHD.jpg,小溪上方的萤火虫，冈山县，日本 (© tdub303/Getty Images),zh-CN
20260702,走进埃斯纳神圣的世界,https://cn.bing.com/th?id=OHR.TempleEsna_ZH-CN9834689523_UHD.jpg,"埃斯纳神庙穹顶天花板, 埃及 (© Nick Brundle Photography/Getty Images)",zh-CN
20260701,大西洋雕琢而成的加拿大,https://cn.bing.com/th?id=OHR.DungeonPark_ZH-CN9544093701_UHD.jpg,"地牢省立公园, 纽芬兰和拉布拉多省, 加拿大 (© Kaitlyn McLachlan/Getty Images)",zh-CN
